author,text
A,"The report was prepared after reviewing the available records and comparing dates, locations, and contact details."
A,"The sequence of events is described below. Each observation was checked against the material available to the investigator."
A,"The meeting occurred in the evening and the vehicle was observed near the listed location before leaving the area."
B,"On examination of the records, several entries appear connected by timing and common identifiers. Further verification is required."
B,"The information received indicates a possible association. The relationship should be treated as a lead until corroborated."
B,"The following note summarizes the source material and highlights items that may require additional review."
C,"According to the statement, the parties communicated shortly before the transaction. No conclusion should be drawn without independent evidence."
C,"The available material suggests an overlapping network of contacts, addresses, and events, but the confidence remains limited."
C,"This analytical note records observations for later comparison and does not by itself establish wrongdoing."
